valid_species_name,TMPavg_avg,PREavg_avg,DTRavg_avg,poly_id,colony_size
Acanthognathus.ocellatus,22.81411538,190.8976923,9.442403846,0,10
Acanthomyrmex.ferox,25.27077778,246.9517778,8.310111111,1,53
Acromyrmex.balzani,22.5422,119.10404,11.27872,1,1095
Acromyrmex.coronatus,22.40014754,163.6588689,10.30265574,1,85325
Acromyrmex.echinatior,24.29225,170.3995417,9.544125,1,19274.12
Acromyrmex.landolti,23.24014286,120.799,11.03271429,1,1000
Acromyrmex.octospinosus,24.35173585,196.3724717,9.471113208,1,22005.5
Acromyrmex.subterraneus,21.76862791,127.9403023,11.34546512,1,4766.2
Acromyrmex.versicolor,18.60967568,21.20881081,16.5127027,1,10000
Acromyrmex.volcanus,24.09090909,249.8477273,7.788363636,1,16300
Adelomyrmex.biroi,23.86428571,307.753,11.29714286,0,10
Aenictus.dentatus,24.89457143,183.393,9.766571429,0,325000
Aenictus.laeviceps,24.3008,228.4446,9.9266,0,92500
Allomerus.octoarticulatus,25.0869,183.22755,9.89,0,116
Amblyopone.australis,16.30678689,110.5561557,10.98340164,1,64
Aneuretus.simoni,26.04133333,201.424,6.782666667,1,40
Anochetus.bequaerti,22.37872727,93.92572727,11.80054545,0,84
Anochetus.diegensis,24.87937037,150.1101111,10.32812963,0,13
Anochetus.faurei,19.629,85.402,9.19,0,434
Anochetus.katonae,23.72688235,107.4054706,10.51523529,0,84
Anochetus.levaillanti,16.4235,44.521875,15.15725,0,100
Anonychomyrma.scrutator,22.65014286,226.6587143,11.98171429,0,2500
Aphaenogaster.ashmeadi,17.4496,106.6036,12.64706667,0,218.5
Aphaenogaster.dromedaria,23.9625,227.4925,9.751833333,0,100
Aphaenogaster.flemingi,19.27655556,115.2031111,11.95866667,0,300
Aphaenogaster.floridana,19.453,110.395125,12.78725,0,116.5
Aphaenogaster.fulva,13.20995833,95.02023611,11.91229167,0,281
Aphaenogaster.gibbosa,13.9689403,56.35861194,10.6305,0,400
Aphaenogaster.lamellidens,15.65304918,102.2101967,12.37401639,0,300
Aphaenogaster.rudis,11.81629756,92.48079512,11.77626341,0,303
Aphaenogaster.senilis,15.32472368,49.96601316,10.74259211,0,1225.15
Aphaenogaster.smythiesii,13.8735,92.83525,10.6995,0,275
Aphaenogaster.subterranea,12.00056522,67.96227174,9.410195652,0,1000
Aphaenogaster.treatae,14.69601149,99.21545977,12.2378046,0,654
Apomyrma.stygia,25.72383333,131.9665,9.2515,1,64.75
Apterostigma.collare,25.30564286,240.0484286,7.619214286,0,23.98
Apterostigma.dentigerum,24.70669231,200.3301538,8.272769231,0,104.33
Apterostigma.mayri,23.63728571,205.1665714,10.49528571,0,20
Apterostigma.urichii,26.076375,196.9259375,9.8828125,0,23
Atopomyrmex.mocquerysi,23.92611111,108.7005556,10.81033333,1,65000
Atta.cephalotes,24.10394262,202.1145164,9.682991803,1,1500000
Atta.colombica,24.96109091,246.5956818,8.528454545,1,2154761.91
Atta.laevigata,24.16709091,137.2659697,10.79336364,1,3500000
Atta.sexdens,23.2023,135.54425,10.57632,1,5833333.33
Atta.texana,20.78520588,64.65367647,12.42332353,1,1.00E+07
Atta.vollenweideri,19.67666667,87.84022222,11.84188889,1,5500000
Azteca.constructor,24.70366667,212.2890606,8.505636364,1,7707
Azteca.forelii,24.65966667,175.7223704,9.78,1,50000
Azteca.muelleri,18.97942857,137.1557143,10.51871429,1,2583
Azteca.trigona,24.86583333,215.6766667,8.9015,1,28000
Basiceros.manni,25.08371429,242.3657143,8.048357143,0,24
Brachymyrmex.depilis,13.47566497,78.96186802,12.94885279,0,111
Brachymyrmex.patagonicus,19.27474312,108.7330642,12.4036789,0,550
Brachyponera.chinensis,14.21512963,108.5052037,11.09592593,0,31.8
Brachyponera.luteipes,16.49083333,124.4920833,11.25895833,0,193
Brachyponera.sennaarensis,24.40846154,45.36734615,12.76811538,1,1082
Calomyrmex.laevissimus,23.06875,187.346125,10.338625,0,250
Camponotus.aethiops,12.64120219,61.57522404,9.796945355,1,1850
Camponotus.americanus,13.34684848,90.77790303,12.30613939,1,3560
Camponotus.castaneus,15.36714483,100.0050276,12.063,1,350
Camponotus.chromaiodes,12.26427465,94.2636831,11.8075,1,3560
Camponotus.compressus,23.73338095,153.5704286,10.10309524,1,5000
Camponotus.consobrinus,16.05164407,62.20713559,13.08308475,1,5500
Camponotus.discolor,18.05148837,80.35155814,12.63972093,1,70
Camponotus.festinatus,17.72878261,42.58992391,15.15618478,1,3000
Camponotus.floridanus,21.03806667,114.9754667,11.67206667,1,10000
Camponotus.herculeanus,3.705349315,57.60106164,10.36570091,1,7479.83
Camponotus.laevigatus,9.700337662,56.45967532,14.9237013,1,1000
Camponotus.lateralis,14.25157838,58.2682973,10.1822,1,1000
Camponotus.ligniperda,7.564624113,69.17220567,8.536765957,1,5500
Camponotus.modoc,7.008416667,56.76793333,14.42430833,1,16825.25
Camponotus.nawai,11.3305,154.951,8.0655,1,300
Camponotus.nearcticus,11.49815789,81.71917982,12.00730263,1,69
Camponotus.novaeboracensis,7.346363248,73.38191026,11.5092265,1,9633.33
Camponotus.pennsylvanicus,11.74168351,85.19008511,11.93669149,1,2024.4
Camponotus.pilicornis,13.90620779,55.31806494,10.56722078,1,1000
Camponotus.rufipes,21.21661957,122.0201739,11.11147826,1,509
Camponotus.sericeus,24.28163934,70.95639344,11.93040984,1,425
Camponotus.socius,20.38253333,115.3513,11.72606667,1,302.2
Camponotus.subbarbatus,12.19933333,91.95937931,11.84010345,1,3560
Camponotus.vicinus,10.35141667,47.08167647,15.03155392,1,21678.86
Camponotus.yamaokai,16.537,189.483,8.296,1,30.8
Cardiocondyla.batesii,16.49163415,35.61021951,11.30636585,0,207.5
Cardiocondyla.elegans,13.87172222,56.39038889,10.39869444,0,204
Cardiocondyla.paradoxa,22.745,234.655,10.0574,0,50
Cardiocondyla.thoracica,24.74428571,221.6664286,9.832,0,70
Cardiocondyla.venustula,23.1004375,117.9289375,11.36125,0,100
Carebara.diversa,23.95509524,168.5344762,10.08861905,1,175600
Carebara.pygmaea,25.67088889,250.0814444,8.146111111,1,11000
Carebara.urichi,24.12582716,177.6504938,9.870592593,1,438.67
Cataglyphis.aenescens,7.5536875,34.4095625,11.745,1,900
Cataglyphis.bicolor,17.32902857,35.04602857,11.43342857,1,2000
Cataglyphis.bombycina,20.64790196,12.75156863,12.00952941,1,3106.9
Cataglyphis.emmae,19.9996875,12.6673125,11.9478125,1,485.71
Cataglyphis.floricola,17.69,50.04366667,10.245,0,127.7
Cataglyphis.holgerseni,24.42625,11.959,13.77375,1,3000
Cataglyphis.livida,21.7735,21.8341,12.71655,1,147
Cataglyphis.mauritanica,16.33394737,40.97147368,12.25015789,0,1500
Cataglyphis.piliscapa,11.1435,59.52925,10.0245,1,752.4
Cataglyphis.rosenhaueri,15.4526875,49.301875,11.37475,1,726
Cataglyphis.rubra,20.51153846,21.78561538,11.85615385,1,1400
Cataglyphis.sabulosa,21.92914286,16.39228571,12.36142857,0,185.72
Cataglyphis.savignyi,21.33365,16.912675,12.167775,1,536.2
Cataglyphis.tartessica,17.379,49.90375,11.421,0,154.3
Cataglyphis.velox,15.07478571,46.14560714,11.69217857,1,783.8
Cataglyphis.viatica,17.13261538,37.29092308,11.871,1,385.8
Centromyrmex.bequaerti,23.47510526,124.9131579,10.84052632,1,347.22
Centromyrmex.sellaris,24.1605,109.1532917,11.12266667,0,408
Cephalotes.persimilis,24.03627273,101.1355455,11.62618182,1,508
Cephalotes.rohweri,19.8468,31.3356,15.6258,1,191
Cephalotes.varians,24.90058333,112.6338333,9.990166667,1,1000
Cerapachys.sulcinodis,18.0066,178.0186,12.2272,0,133.33
Crematogaster.abstinens,23.81551852,141.7383333,10.20418519,0,1291
Crematogaster.ashmeadi,17.50022656,106.0149141,12.50519531,0,10000
Crematogaster.auberti,14.4457803,51.12768182,10.75725758,0,650
Crematogaster.biroi,20.942625,131.81675,11.423625,1,148.96
Crematogaster.dohrni,25.8056,165.9147,8.6372,0,31318.5
Crematogaster.elegans,22.296,555.016,13.924,0,300
Crematogaster.irritabilis,23.002,317.8625,14.9035,0,5000
Crematogaster.lineolata,14.54232345,77.74530997,13.21485984,0,200
Crematogaster.mimosae,26.40766667,16.279,13.49933333,0,6900
Crematogaster.minutissima,18.15953521,94.47014085,12.8265493,0,191
Crematogaster.osakensis,12.0997381,109.4423333,10.37342857,0,2292.6
Crematogaster.pygmaea,26.568,88.284,7.107,1,190
Crematogaster.scutellaris,14.63834762,53.98465714,10.36061429,0,178.5
Crematogaster.sordidula,14.1266,54.328,10.53690714,0,750
Crematogaster.sumichrasti,23.08415385,157.5470256,10.50725641,0,1000
Cryptopone.motschulskyi,23.92583333,257.992,10.4165,0,20
Cyphomyrmex.cornutus,24.659875,269.102875,8.1938125,0,2021.75
Cyphomyrmex.costatus,24.67152632,191.3208684,9.459447368,0,99.17
Cyphomyrmex.longiscapus,23.1582,280.1628,8.2424,0,55.34
Cyphomyrmex.minutus,24.13970833,149.2527708,10.0031875,0,150
Cyphomyrmex.rimosus,22.0054322,145.1638051,11.01912712,0,64.49
Dacetinops.cibdelus,23.488,224.061,10.29525,0,10
Daceton.armigerum,26.28210417,198.4075208,9.7353125,1,2650
Discothyrea.kamiteta,21.666,127.203,11.315,0,73
Dolichoderus.imitator,25.8262623,190.2548525,9.340278689,0,25
Dolichoderus.mariae,11.99528571,91.89742857,11.87408571,0,1041000
Dolichoderus.pustulatus,10.94439773,88.45395455,11.32121591,0,445
Dorylus.laevigatus,25.092625,235.901375,10.801,1,325000
Dorylus.nigricans,25.72838462,124.8590769,9.504,1,8018400
Dorylus.wilverthi,23.78366667,127.5128333,11.22808333,1,14750000
Dorymyrmex.bicolor,16.58698551,37.37494203,15.21738406,0,10000
Dorymyrmex.biconis,25.434,100.369,8.472,0,5000
Dorymyrmex.bossutus,22.0066,118.6106,11.6278,0,1000
Dorymyrmex.bureni,19.40230909,110.5660364,12.57316364,0,1000
Dorymyrmex.elegans,22.697,114.129,12.113,0,1000
Dorymyrmex.grandulus,16.1131,99.8525,12.0759,0,1000
Eciton.burchellii,23.71891852,175.240637,9.685155556,1,699995
Eciton.hamatum,25.41208333,203.80945,8.884833333,1,250000
Eciton.mexicanum,24.58654,183.5885,9.96118,1,5.00E+05
Eciton.rapax,25.59029167,216.7276667,10.0475,1,275000
Eciton.vagans,24.28021951,201.9809512,9.325146341,1,250000
Ectatomma.brunneum,24.21037594,143.5547293,10.41439098,0,42
Ectatomma.edentatum,23.35688112,140.9647622,10.4178951,0,104
Ectatomma.ruidum,23.47172115,191.9761827,9.859326923,0,81.88
Ectatomma.tuberculatum,24.58301604,177.0805615,9.921262032,0,381.09
Ectomomyrmex.striatulus,22.40185714,231.9121429,10.73385714,0,15
Euponera.fossigera,19.629,85.402,9.19,0,50
Euponera.wroughtonii,15.82828571,66.16128571,13.58242857,0,500
Eurhopalothrix.biroi,22.45833333,223.2336667,12.60466667,0,50
Eurhopalothrix.floridana,21.8158,112.5168,11.6788,0,100
Forelius.mccooki,17.56731053,54.93352105,14.3444,0,10000
Forelius.pruinosus,16.46698851,62.26922414,14.23630747,0,10000
Formica.archboldi,20.08318182,113.6064545,11.84181818,0,500
Formica.argentea,8.084123223,58.95130332,13.65518957,0,51
Formica.candida,0.381928571,43.47416667,12.42540476,0,2318.18
Formica.cunicularia,10.20095149,62.10889179,9.180014925,0,1250
Formica.dolosa,15.02221839,99.22997701,12.40787356,0,499
Formica.fusca,8.255684039,64.68788599,10.08549186,0,379.5
Formica.incerta,9.053304348,90.69456522,11.29782609,0,714
Formica.japonica,11.43697826,109.7087609,10.08269565,0,2495
Formica.neorufibarbis,3.924851852,52.84502694,12.83226599,0,150
Formica.pallidefulva,12.43470543,83.83963178,12.30719767,0,2209.54
Formica.picea,5.314381818,63.40721818,9.079763636,0,650
Formica.podzolica,3.979530435,44.24046087,13.57261739,1,22500
Formica.selysi,10.15028571,79.85271429,8.775714286,1,13184
Formica.subsericea,8.619257732,77.39308591,11.73695189,1,8916
Gnamptogenys.horni,24.51437079,193.1674494,9.822988764,0,28
Heteroponera.relicta,23.177,117.16825,9.501,0,80
Hypoponera.eduardi,14.47495,61.7224625,10.0977125,0,1500
Hypoponera.inexorata,18.19904167,72.25229167,14.01879167,0,31
Hypoponera.opaciceps,19.85739,111.52826,11.70798,0,50
Hypoponera.opacior,17.44435577,98.82591346,12.76307692,0,50
Hypoponera.ragusai,19.81332143,70.90135714,10.50882143,0,32
Iridomyrmex.purpureus,18.03392373,45.20409605,13.52922881,1,84133.4
Kalathomyrmex.emeryi,21.70266667,73.94827778,12.41966667,0,100
Labidus.coecus,22.68586344,141.9065639,10.68892511,1,1.00E+06
Labidus.praedator,22.9903875,160.6761813,10.21415625,1,1500000
Lasius.alienus,9.757113208,72.5761074,10.96917852,0,3000
Lasius.flavus,8.559922794,71.17398529,9.506954044,1,4885
Lasius.grandis,13.43566038,60.67320755,10.52135849,0,10000
Lasius.niger,8.727509839,64.44501431,9.55922898,0,23205.5
Leptogenys.attenuata,16.213,62.89333333,12.97233333,0,90
Leptogenys.bituberculata,23.728,279.144,13.167,0,300
Leptogenys.castanea,15.9845,45.053,12.36025,0,289
Leptogenys.chinensis,24.95933333,142.8443333,10.9895,0,367
Leptogenys.diminuta,24.1383125,213.9430938,10.360875,0,269.89
Leptogenys.intermedia,17.2474,69.7993,13.5656,0,595
Leptogenys.mjobergi,21.764,122.685,10.4365,0,35
Leptogenys.processionalis,25.70491667,169.4243333,8.886583333,0,41000
Leptogenys.purpurea,22.1556,278.9466,11.585,0,1250
Leptomyrmex.fragilis,23.97040625,248.0793438,11.26259375,0,350
Leptothorax.acervorum,5.798657576,71.69879394,7.832842424,1,49.99
Leptothorax.gredleri,6.484058824,63.90758824,8.488705882,0,33
Leptothorax.muscorum,4.621088462,62.46203846,10.78180385,0,41.57
Liometopum.apiculatum,14.15048052,35.75381818,16.75577922,1,250000
Liometopum.occidentale,12.9396875,49.23865,14.7219375,1,50000
Manica.invidia,7.462,38.11821053,15.05934211,0,400
Megaponera.analis,24.34445833,95.387625,11.18104167,1,983.7
Meranoplus.spinosus,25.765,264.663,7.767,0,150
Mesoponera.caffraria,22.95,107.8264375,11.55975,0,25
Messor.arenarius,18.78018919,23.07248649,11.75437838,1,344.2
Messor.barbarus,14.95869595,48.27554054,10.55128378,1,8000
Messor.ebeninus,21.27245833,23.89358333,12.53825,1,59676.5
Messor.rugosus,18.0502,39.9384,12.0596,0,2500
Messor.sanctus,16.42309677,42.58458065,11.49709677,1,3500
Metapone.vincimus,22.849,123.071,7.958,0,20
Monomorium.minimum,14.51922933,72.04965067,13.364832,0,3000
Monomorium.rothsteini,21.15654167,48.94920833,13.44083333,0,36500
Monomorium.viridum,17.88952273,98.46263636,12.091,0,10000
Mycetagroicus.cerradensis,22.00608333,113.4549167,11.95158333,0,373
Mycetagroicus.inflatus,26.309,145.789,12.472,0,65
Mycetarotes.acutus,25.6934,180.6294,10.1124,0,25
Mycetarotes.parallelus,22.79188235,131.8536471,10.90541176,0,110.57
Mycetophylax.conformis,23.32233333,179.1906667,8.066666667,0,104.58
Mycetophylax.morschi,21.43,222.024,9.105666667,0,108.21
Mycetosoritis.hartmanni,23.37327273,120.811,11.36945455,0,50
Mycocepurus.goeldii,22.63546552,127.2605345,11.29558621,0,678.86
Myopias.concava,21.411,399.646,16.174,0,60
Myopias.julivora,23.1174,234.939,11.6512,0,55
Myrmecia.brevinoda,17.49801786,85.42398214,12.70723214,1,2576
Myrmecia.dispar,17.20033333,38.59913333,13.6477,0,125
Myrmecia.forceps,15.88965217,51.13213043,12.90173913,0,25
Myrmecia.forficata,13.51657778,78.60181111,11.00018889,0,211
Myrmecia.froggatti,17.36408696,48.72182609,13.623,0,34.5
Myrmecia.fulvipes,13.81773684,81.37784211,11.50107895,0,108.56
Myrmecia.gulosa,17.11942424,80.82290909,12.58975758,1,974.24
Myrmecia.mandibularis,15.81593333,50.98786667,12.1483,0,402
Myrmecia.michaelseni,16.08554545,60.52818182,11.68045455,0,17
Myrmecia.nigrocincta,18.75725455,101.1084727,11.56189091,0,821
Myrmecia.picta,16.74154839,40.16574194,13.08967742,0,25
Myrmecia.piliventris,16.15633333,67.4182,12.64573333,0,165.5
Myrmecia.pilosula,13.27426446,75.47401653,11.04804132,0,754.2
Myrmecia.simillima,14.06488679,72.65383019,11.83830189,0,162.4
Myrmecia.tepperi,15.71612903,49.64445161,12.78558065,0,117
Myrmecia.vindex,16.82235,62.1142,11.6815,0,185.75
Myrmecina.americana,13.01562195,90.53613008,12.12265447,0,37
Myrmecina.graminicola,11.49155,71.253985,8.852865,0,27
Myrmecina.transversa,25.061,294.227,8.162,0,100
Myrmecocystus.mendax,14.85661905,40.45510714,15.74821429,1,1991
Myrmecocystus.mimicus,16.36879612,34.85406796,15.79402913,1,97
Myrmelachista.schumanni,25.18725,245.0295,11.087,1,3.00E+06
Myrmica.americana,9.293544715,73.28347967,12.2064065,0,275
Myrmica.latifrons,8.571638889,65.64512963,12.81952778,0,255
Myrmica.lobicornis,5.429589595,65.58014451,7.919872832,0,300
Myrmica.pinetorum,11.46273333,90.06091111,11.85991111,0,396
Myrmica.punctiventris,11.16626,90.97474667,11.71551333,0,13.08
Myrmica.ruginodis,7.214558974,74.45494615,7.892361538,0,665.29
Myrmica.sabuleti,8.947515625,75.78516797,8.173203125,0,3000
Myrmica.scabrinodis,7.793863517,72.12461942,8.232144357,0,514.9
Myrmica.schencki,7.280517007,63.17238095,8.43047619,0,255
Myrmica.spatulata,13.68915385,105.5916154,12.48369231,0,296
Myrmica.tahoensis,10.44828571,42.97964286,15.57778571,0,175
Myrmicaria.natalensis,19.47442857,62.66,13.408,0,19932.33
Myrmicocrypta.buenzlii,26.39633333,160.3596667,7.655333333,0,1558
Myrmicocrypta.ednaella,26.43925,165.84775,9.0375,0,86.78
Myrmoteras.barbouri,25.8105,201.064,7.736,0,9.5
Mystrium.camillae,24.40805263,214.2478947,10.47442105,1,58
Mystrium.mysticum,23.21893182,127.5709091,9.165931818,1,43
Mystrium.oberthueri,23.08075,189.2039375,8.5724375,0,33.56
Mystrium.rogeri,22.20965714,152.8624,8.8586,1,156
Neivamyrmex.carolinensis,17.35708333,111.7499167,12.74558333,1,70000
Neivamyrmex.harrisii,18.14726667,55.2062,14.24088889,1,550000
Neivamyrmex.nigrescens,16.72542222,63.18436296,14.11692593,1,83750
Neivamyrmex.opacithorax,17.16184615,67.49953846,14.47028846,1,30000
Neivamyrmex.texanus,16.40777143,54.19897143,14.75082857,1,30000
Neoponera.commutata,25.43917241,196.964931,10.10362069,0,800
Neoponera.crenata,22.99701053,181.4234,9.924842105,0,50
Neoponera.goeldii,26.07883333,193.2618889,8.8955,0,158.84
Neoponera.inversa,24.18425,207.0126071,10.03642857,0,35.62
Neoponera.marginata,23.12334286,126.7764286,11.14591429,1,1198.5
Neoponera.obscuricornis,23.80755128,195.6273462,10.1225641,0,61
Neoponera.verenae,24.2668125,195.4664236,9.633875,0,120
Neoponera.villosa,23.70025854,157.6432098,10.45097073,0,32.77
Nomamyrmex.esenbeckii,23.79444304,151.5249114,10.02496203,1,1.00E+06
Nothomyrmecia.macrops,16.92725,26.804,12.913,0,39.26
Nylanderia.arenivaga,17.42954545,98.5242,12.87443636,0,100
Nylanderia.concinna,20.2845,112.194,12.4285,0,100
Nylanderia.faisonensis,16.06330769,107.2170962,12.42024038,0,122.56
Nylanderia.flavipes,12.07242466,97.68868493,10.48250685,0,350
Nylanderia.parvula,12.78485526,89.98413158,11.86567105,0,100
Nylanderia.phantasma,20.0424,116.2054,12.4676,0,100
Nylanderia.steinheili,23.31415,179.64715,9.193025,0,143
Nylanderia.terricola,16.80514545,59.48178182,14.09441818,0,137.5
Nylanderia.wojciki,21.967,115.2705,11.55216667,0,100
Ochetellus.glaber,16.75958929,81.66535714,11.88192857,0,416
Ocymyrmex.barbiger,17.50975,29.45125,14.263875,0,200
Ocymyrmex.foreli,16.8382,57.1718,14.7476,0,713
Odontomachus.bauri,24.44984416,166.1067792,9.944883117,0,300
Odontomachus.brunneus,23.23761957,134.9744891,11.01229348,0,120.17
Odontomachus.cephalotes,24.76339394,157.2993636,9.791484848,0,1000
Odontomachus.chelifer,22.29700787,152.4246614,10.20222835,0,130
Odontomachus.haematodus,24.573,150.6390769,10.11402308,0,500
Odontomachus.hastatus,25.24416667,231.0163571,8.926785714,0,285.2
Odontomachus.laticeps,23.65553333,172.7347467,10.10129333,0,15
Odontomachus.relictus,22.32116667,111.5056667,11.80133333,0,200
Odontomachus.rixosus,25.18585,209.24125,9.21905,0,142
Odontomachus.ruginodis,23.23466071,175.4082321,9.716982143,0,200
Odontomachus.troglodytes,23.58771429,131.0565714,10.26661224,0,245
Oecophylla.longinoda,25.25687973,124.2353849,10.11107904,1,490000
Oecophylla.smaragdina,25.40511842,166.4946513,9.933532895,1,5.00E+05
Onychomyrmex.hedleyi,22.96257143,123.0977143,9.933714286,0,846.41
Orectognathus.versicolor,17.67813043,96.05495652,11.84513043,1,104
Oxyopomyrmex.emeryi,17.81494118,27.01782353,11.36835294,0,650
Pachycondyla.harpax,22.98928528,152.0021411,10.57315337,0,57.5
Pachycondyla.striata,21.05348739,129.0671513,10.75368067,0,47.4
Paltothyreus.tarsatus,24.52447059,110.0469608,10.54496078,0,600
Paraparatrechina.pallida,24.45775,257.7145,10.2265,0,500
Paraponera.clavata,24.68262617,213.507028,9.774242991,1,1019
Pheidole.adrianoi,20.54885714,114.2025714,11.44628571,1,350
Pheidole.cramptoni,24.97592857,225.2774286,9.169357143,1,172
Pheidole.dentata,17.78472764,86.20311789,13.10820325,1,942.86
Pheidole.dentigula,18.26236667,110.5505333,12.69153333,1,300
Pheidole.desertorum,15.37705172,32.98994828,16.22458621,1,9881
Pheidole.embolopyx,26.9553,189.0075,8.8057,1,300
Pheidole.fallax,23.36173214,136.055625,10.15907143,1,10000
Pheidole.fervida,11.37362,108.0044,10.31812,1,4636
Pheidole.floridana,20.95726923,108.411,11.59984615,1,1000
Pheidole.metallescens,18.96734615,80.98605769,13.16063462,1,1000
Pheidole.moerens,23.97466667,135.0825,10.4425,1,600
Pheidole.morrisii,17.99465116,105.2941163,12.34290698,1,2500
Pheidole.obtusospinosa,17.19,41.4262,16.82368,1,1783
Pheidole.pallidula,14.29214019,52.5094704,10.54438318,1,5533.33
Pheidole.rhea,17.50143478,34.63504348,17.069,1,33574
Pheidole.spadonia,19.3786,25.5238,16.1762,1,1221
Pheidole.tepicana,19.90431579,50.09226316,14.08928947,1,22337
Pheidole.zeteki,25.7,222.5186,8.9832,1,81
Plagiolepis.pygmaea,13.45132683,57.47159024,10.00309268,0,1700
Platythyrea.conradti,26.1945,130.2925,9.295071429,0,400
Platythyrea.parallela,22.35228125,166.4809531,10.61053125,0,50
Plectroctena.mandibularis,18.41263158,68.15973684,13.11105263,0,155.5
Pogonomyrmex.badius,19.51234483,114.3154138,12.10598276,1,4146.28
Pogonomyrmex.californicus,16.71074312,20.12012844,15.96956881,0,4533
Pogonomyrmex.carbonarius,9.716333333,58.14583333,13.654,0,450
Pogonomyrmex.coarctatus,17.12277778,75.59959259,12.39233333,1,2000
Pogonomyrmex.desertorum,17.5356,32.14576923,16.59790769,0,500
Pogonomyrmex.imberbiculus,16.43228261,33.77841304,16.33781522,0,22.86
Pogonomyrmex.inermis,15.70725,31.392375,14.3340625,0,432.67
Pogonomyrmex.laticeps,16.51430769,32.42776923,14.10015385,0,45
Pogonomyrmex.lobatus,18.026625,72.00425,12.500625,1,2000
Pogonomyrmex.longibarbis,6.101666667,24.01366667,14.48233333,0,250
Pogonomyrmex.magnacanthus,19.809,14.39533333,16.10886667,0,162.5
Pogonomyrmex.maricopa,16.54032203,30.28918644,16.44208475,0,400
Pogonomyrmex.mayri,25.93366667,119.3043333,9.571333333,0,603
Pogonomyrmex.mendozanus,16.87516667,23.9925,14.71633333,0,615
Pogonomyrmex.montanus,14.49225,33.093,15.01575,0,1665
Pogonomyrmex.occidentalis,10.12990086,33.7209569,16.43379741,0,2937
Pogonomyrmex.pima,19.05131579,27.11768421,16.38152632,0,250.5
Pogonomyrmex.rastratus,13.28424,27.95108,14.14052,0,997
Pogonomyrmex.salinus,9.335414634,26.52953659,15.31997561,0,2913.32
Pogonomyrmex.subnitidus,13.85673333,31.16913333,14.14953333,0,5934
Polyrhachis.australis,23.1804,105.9904,10.1706,0,92.54
Polyrhachis.debilis,24.18471429,199.1021429,9.162142857,0,325
Polyrhachis.dives,24.78973333,194.9871333,9.341233333,0,1.00E+06
Polyrhachis.illaudata,21.56373684,172.6402105,10.495,0,411.5
Polyrhachis.limbata,24.2314,264.7728,9.238,0,100
Polyrhachis.spinifera,25.946,182.961,8.9135,0,150
Ponera.exotica,17.99085714,101.2955,13.035,0,50
Ponera.pennsylvanica,11.02035878,88.24705344,11.70987023,0,17.5
Prenolepis.imparis,12.64215563,83.95320199,12.4801755,0,3287.02
Prionopelta.amabilis,23.91544828,213.8282069,9.544275862,0,377
Prionopelta.opaca,24.16976471,249.6817059,9.881529412,0,20
Pristomyrmex.punctatus,13.37103704,115.7824259,10.06435185,0,22000
Proatta.butteli,26.01457143,246.502,8.133571429,0,7750
Probolomyrmex.boliviensis,24.0200625,211.81625,8.903,0,29
Probolomyrmex.dammermani,24.4492,200.6124,9.4762,0,13.8
Proceratium.itoi,12.12230769,110.5061538,10.16546154,0,35
Proceratium.pergandei,15.17487097,102.3164194,12.08212903,0,26.5
Proceratium.silaceum,14.44797826,102.212913,11.89502174,0,28
Procryptocerus.scabriusculus,22.61247541,156.8072787,10.7705082,0,62
Proformica.korbi,9.184,59.253,10.567,1,133
Proformica.longiseta,13.41225,42.5715,10.9165,1,476.95
Pseudomyrmex.concolor,27.01271429,185.7754286,9.064571429,0,316
Pseudomyrmex.ejectus,21.798325,151.83,11.1186,0,80
Pseudomyrmex.elongatus,24.35324658,181.9840411,9.767780822,0,80
Pseudomyrmex.ferrugineus,24.28738095,139.7109048,11.43240476,0,300
Pseudomyrmex.gracilis,23.45159135,150.4156635,10.24389423,0,80
Pseudomyrmex.nigropilosus,26.845,133.4893333,9.214,0,228
Pseudomyrmex.pallidus,19.9509589,102.6203425,12.55486301,0,30
Pseudomyrmex.peperi,24.68275309,136.9812716,11.16012346,0,1958
Pseudomyrmex.spinicola,25.30484211,167.5568158,8.388842105,0,10021
Pseudomyrmex.termitarius,23.85129348,139.2097391,10.38452174,0,137.5
Pseudomyrmex.triplarinus,25.7425,166.9575,10.623,0,10000
Pseudoponera.stigma,24.39846243,191.4797861,9.62834104,0,9
Rhytidoponera.araneoides,24.96496296,224.7873704,8.454185185,0,50
Rhytidoponera.laciniosa,24.427,265.4035,10.27566667,0,133.33
Rhytidoponera.mayri,18.26156716,27.90483582,13.83131343,0,531.77
Rhytidoponera.purpurea,22.53805882,154.8703529,10.45205882,0,1000
Sericomyrmex.amabilis,24.10732558,201.8472093,9.210325581,1,432.8
Sericomyrmex.mayri,25.61206757,173.4251216,10.24608108,1,945.5
Simopelta.pentadentata,24.048,215.1083333,9.346666667,0,1000
Simopelta.pergandei,21.97627273,195.1788182,9.670181818,0,1000
Solenopsis.globularia,24.13935897,135.5166667,10.28776923,1,50
Solenopsis.invicta,19.64990062,93.55683851,12.28185714,1,156666.67
Solenopsis.molesta,12.44410855,68.6968125,13.28789474,0,80
Solenopsis.nickersoni,22.32916667,114.7281667,11.05416667,0,200
Solenopsis.pergandei,17.99707143,101.2147143,13.47964286,0,10000
Solenopsis.picta,19.74,108.5224706,11.96794118,0,200
Solenopsis.richteri,17.59911111,98.26372222,12.19586111,1,3.00E+05
Solenopsis.tennesseensis,17.73035294,82.13017647,13.81135294,0,200
Solenopsis.tonsa,20.2542,123.1344,12.2142,0,200
Stenamma.brevicorne,9.46525,79.69691667,11.49530556,0,70
Stenamma.diecki,9.427530864,86.02376543,12.22906173,0,41
Stenamma.impar,10.56755,89.492925,11.5415,0,54
Stenamma.meridionale,14.4800625,100.608625,12.39325,0,15
Stenamma.schmittii,10.65918605,91.86709302,11.63155814,0,121
Stigmatomma.pallipes,11.9541716,88.8809645,12.12444379,0,12.08
Stigmatomma.pluto,26.42133333,117.6433333,8.766,0,29.75
Stigmatomma.silvestrii,14.62475,146.5795,8.542,0,12.24
Strumigenys.clypeata,15.9158,103.89844,12.29428,0,56
Strumigenys.dietrichi,15.18667647,98.04105882,12.02258824,0,50
Strumigenys.eggersi,23.62456667,150.9280889,10.38911111,0,50
Strumigenys.emarginata,21.428,108.4465,11.765,0,199
Strumigenys.frivaldszkyi,24.45775,256.585,8.83,0,15
Strumigenys.lewisi,11.58789189,108.665027,10.19289189,0,79.3
Strumigenys.loriae,23.32981818,251.605,9.988818182,1,400
Strumigenys.louisianae,20.24528571,123.8970779,11.37842857,0,90
Strumigenys.lujae,22.424125,105.737625,11.28275,0,57
Strumigenys.mayri,23.281,287.4331,10.5199,0,100
Strumigenys.mutica,22.8,199.193,9.9798,0,72
Strumigenys.ornata,16.17132787,106.2409016,12.39640984,0,20
Strumigenys.rostrata,15.30816981,106.2207547,12.3535283,0,72
Strumigenys.serrula,24.47863636,119.9301818,10.84790909,0,78
Strumigenys.talpa,16.57407692,106.2818974,12.27389744,0,50
Strumigenys.truncatidens,21.736,79.232,11.607,0,133
Tapinoma.erraticum,11.72043556,64.62244889,9.573515556,0,1000
Tapinoma.madeirense,12.799,55.62933333,10.6045,0,7000
Tapinoma.minutum,20.4036,142.6054,9.5654,0,239
Tapinoma.simrothi,17.12086842,36.69737719,11.23834211,1,65952
Tatuidris.tatusia,22.93413953,173.5862326,10.67593023,0,7
Temnothorax.allardycei,23.983,110.4836,9.212,1,60
Temnothorax.ambiguus,8.234627907,76.11852326,11.05910465,0,40
Temnothorax.bradleyi,19.47185714,120.7484286,12.483,0,50
Temnothorax.crassispinus,9.37243617,63.49410638,9.112659574,0,108.3
Temnothorax.curvispinosus,12.35271351,91.65922162,11.87117838,0,68.79
Temnothorax.longispinosus,9.64753125,86.44452344,11.43166406,0,24.5
Temnothorax.nylanderi,10.55368889,70.49044444,8.44142963,0,54.93
Temnothorax.palustris,20.26133333,117.2506667,12.26633333,0,50
Temnothorax.pardoi,14.3364375,54.4125625,11.0724375,0,150
Temnothorax.pergandei,15.63217172,93.65928283,12.96294949,0,51.73
Temnothorax.rugatulus,9.838223529,49.49162353,14.62056471,0,234.1
Temnothorax.schaumii,13.426025,86.02883333,12.19375,0,88
Temnothorax.texanus,13.12233333,79.92083333,12.358125,0,50
Temnothorax.tuscaloosae,16.5636,112.2806,12.893,0,54.5
Temnothorax.unifasciatus,11.27705042,69.94946218,9.614495798,0,66.83
Terataner.alluaudi,23.87171429,158.9986429,8.897142857,0,27
Terataner.foreli,22.75933333,183.9676667,8.469666667,0,12
Tetramorium.caespitum,10.28017893,67.49703976,9.713620278,0,10975
Tetramorium.forte,14.12410377,52.45369811,10.86483962,0,10000
Tetramorium.melleum,23.1527,248.6434,10.7316,0,5000
Tetramorium.semilaeve,14.76932955,49.76747727,10.35269318,0,5750
Tetramorium.simillimum,23.56510078,130.0602868,9.749581395,0,300
Tetramorium.spinosum,19.52308889,42.84877778,14.75668889,0,70
Thaumatomyrmex.atrox,24.80573077,148.3571538,9.188192308,0,4
Thaumatomyrmex.contumax,23.5455,121.58025,8.38975,0,2.5
Trachymyrmex.arizonensis,16.6855,35.1625,16.55128571,0,1000
Trachymyrmex.carinatus,16.80528571,33.76914286,16.07585714,0,100
Trachymyrmex.pomonae,17.42975,36.094,17.2545,0,183
Trachymyrmex.septentrionalis,17.40454167,93.23334375,12.88575,0,640.66
Trachymyrmex.smithi,17.0105625,35.173,16.287125,0,652.5
Typhlomyrmex.rogenhoferi,23.557,187.2096579,10.15823684,0,300
Veromessor.pergandei,18.95461702,17.19038298,16.16623404,1,26000
Xenomyrmex.floridanus,23.32494118,119.2449412,10.26858824,0,50