species,subfamily,colony.size,colony.size.sample.size,colony.size.ref,poly_id,TMP_avg,TMP_sd,TMP_med,TMP_cv,PRE_avg,PRE_sd,PRE_med,PRE_cv,DTR_avg,DTR_sd,DTR_med,DTR_cv
Acanthomyrmex_ferox,Myrmicinae,53.00,2,"Holldobler & Wilson, 1990; Kaspari & Vargo, 1995",1,25.98603846,0.587269231,25.96538462,0.022538462,237.3464231,104.6274231,226.9192308,0.442615385,8.603769231,0.798730769,8.613461538,0.093192308
Acromyrmex_echinatior,Myrmicinae,21548.00,52,"Ferguson-Gow, 2014; Gadau et al., 2012; Dijkstra et al., 2010; GAGA consortium",1,24.36526316,1.409947368,24.62631579,0.058315789,166.9813684,126.2552632,144.0885965,0.794052632,10.00907018,1.100578947,9.772807018,0.105947368
Acromyrmex_octospinosus,Myrmicinae,22005.50,10,"Ferguson-Gow, 2014; Boomsma et al., 1999; Murakami et al., 2000; Wetterer, 1999; Beckers et al., 1989",1,23.99609036,0.974927711,24.09518072,0.040963855,182.5235,109.1607892,169.1451807,0.66673494,9.987584337,1.160807229,9.884036145,0.114963855
Acromyrmex_volcanus,Myrmicinae,16300.00,2,"Wetterer, 1999",1,24.4773125,0.845875,24.4375,0.0346875,242.16875,149.4479375,240.9875,0.62375,7.6638125,0.6751875,7.465625,0.0873125
Adelomyrmex_biroi,Myrmicinae,10.00,1,"Wilson, 1959",0,24.27053846,0.601769231,24.39230769,0.025076923,275.7553846,75.06069231,271.0653846,0.29,10.55530769,0.522153846,10.62307692,0.053615385
Allomerus_octoarticulatus,Myrmicinae,116.00,1,"Jaffe et al., 2012",0,24.85011765,1.118852941,24.96617647,0.051235294,176.2300294,106.7645,160.3808824,0.670441176,10.29217647,1.438058824,10.11470588,0.137647059
Aneuretus_simoni,Aneuretinae,61.88,8,"Beckers et al., 1989; Jayasuriya & Traniello, 1985",1,25.12842857,0.873857143,25.15714286,0.035142857,178.4978571,120.6201429,151.6928571,0.679285714,7.528285714,1.380857143,7.3,0.183285714
Anonychomyrma_scrutator,Dolichoderinae,2500.00,2,"Holldobler & Wilson, 1990; Kaspari & Vargo, 1995",0,23.57323077,0.851769231,23.73076923,0.036,229.575,77.57292308,221.4576923,0.392769231,10.72015385,0.733846154,10.83846154,0.073
Aphaenogaster_dromedaria,Myrmicinae,100.00,1,"Wilson, 1959",0,23.79091667,0.839166667,23.89166667,0.035916667,247.4349167,102.1485,239.3,0.417916667,10.06425,0.729083333,10.15833333,0.073583333
Apomyrma_stygia,Apomyrminae,64.75,2,"Shik, 2008; Holldobler & Wilson, 1990",1,26.13981818,1.278636364,26.21363636,0.050363636,122.2554545,85.06236364,111.4590909,0.728909091,9.038727273,1.500090909,8.963636364,0.166818182
Apterostigma_collare,Myrmicinae,23.98,128,"Ferguson-Gow, 2014",0,24.4545,0.999727273,24.48636364,0.040863636,219.3465,146.3039545,208.7340909,0.683954545,8.199318182,0.752545455,8.013636364,0.088909091
Apterostigma_dentigerum,Myrmicinae,104.33,3,"Ferguson-Gow, 2014; Tschinkel, 2011; Kaspari & Vargo, 1995",0,24.33714286,0.804785714,24.28571429,0.033071429,194.0453214,136.1609643,173.8107143,0.757392857,8.666678571,0.710142857,8.539285714,0.082428571
Apterostigma_urichii,Myrmicinae,23.00,1,"Ferguson-Gow, 2014",0,24.44525,0.809653846,24.47403846,0.033384615,179.7285577,104.1474808,165.7211538,0.596019231,9.389519231,1.081711538,9.295192308,0.115980769
Atta_cephalotes,Myrmicinae,1500000.00,3,"Ferguson-Gow, 2014; Gadau et al., 2012; Beckers et al., 1989",1,23.66208599,1.05333758,23.80191083,0.045531847,182.6927739,112.4926688,166.8232484,0.661738854,10.09894268,1.194089172,9.991878981,0.116850318
Atta_colombica,Myrmicinae,2154761.91,7,"Ferguson-Gow, 2014; Holldobler & Wilson, 1990; Jaffe et al., 2012 ",1,23.28598058,0.665184466,23.25485437,0.029563107,200.5156699,109.5933883,196.4703883,0.577485437,9.29738835,1.106776699,9.21407767,0.117854369
Azteca_constructor,Dolichoderinae,7707.00,1,"Marting et al., 2018",1,24.32940816,0.923408163,24.36938776,0.037877551,209.5705714,139.7418367,198.4806122,0.696020408,8.743081633,0.822326531,8.581632653,0.092816327
Azteca_forelii,Dolichoderinae,50000.00,1,"Beckers et al., 1989",1,24.70072727,1.342977273,24.90681818,0.054772727,165.5998636,117.3448864,146.3227273,0.773363636,9.8335,1.110068182,9.761363636,0.109068182
Azteca_trigona,Dolichoderinae,28000.00,1,"Wheeler, 1986",1,25.4729,0.7318,25.45,0.0283,210.5114,114.4413,206.77,0.5754,9.2234,1.1936,9.13,0.1281
Basiceros_manni,Myrmicinae,24.00,3,"Holldobler & Wilson, 1990",0,24.90536,0.84912,24.856,0.03404,228.6258,147.84808,222.742,0.66632,8.0666,0.62868,7.896,0.07748
Calomyrmex_laevissimus,Formicinae,250.00,1,"Holldobler & Wilson, 1990",0,22.9997,0.9147,23.16,0.0404,207.5774,80.9328,205.195,0.4054,10.546,0.7988,10.69,0.0786
Cardiocondyla_paradoxa,Myrmicinae,50.00,1,"Holldobler & Wilson, 1990",0,23.33222222,0.754888889,23.42222222,0.033111111,240.5506667,81.04422222,237.4388889,0.339888889,10.07611111,0.737666667,10.15555556,0.073888889
Cardiocondyla_thoracica,Myrmicinae,70.00,1,"Holldobler & Wilson, 1990",0,24.74428571,1.134571429,24.98571429,0.045285714,221.6664286,118.7902857,181.5285714,0.723571429,9.832,0.774285714,9.871428571,0.086142857
Carebara_pygmaea,Myrmicinae,11000.00,6,"Holldobler & Wilson, 1990",1,26.11616129,0.925193548,26.17096774,0.035096774,209.7465484,125.379129,189.8225806,0.619709677,9.127935484,1.280290323,9.006451613,0.137677419
Cataulacus_mckeyi,Myrmicinae,246.32,76,"Debout et al., 2009; Debout et al., 2005",0,26.7685,0.9825,26.95,0.037,237.8955,144.338,219.725,0.6065,7.0165,0.9145,7.05,0.1305
Centromyrmex_bequaerti,Ponerinae,347.22,9,"Dejean & Feneron, 1996",1,23.48002778,1.396888889,23.80555556,0.06225,124.0676944,92.08997222,111.6430556,0.823194444,11.04280556,1.672583333,10.86527778,0.144833333
Centromyrmex_sellaris,Ponerinae,408.00,1,"Holldobler & Wilson, 1990",0,23.88728205,1.644384615,24.15769231,0.071692308,110.0038205,85.53625641,92.81025641,0.842820513,11.22769231,1.774076923,11.13589744,0.157794872
Crematogaster_dohrni,Myrmicinae,31318.50,2,"Holldobler & Wilson, 1990",0,25.90213333,1.587533333,26.29333333,0.063066667,147.2364,122.1282,113.6933333,0.851933333,8.6762,1.680733333,8.436666667,0.1866
Crematogaster_elegans,Myrmicinae,300.00,1,"Holldobler & Wilson, 1990",0,23.4275,0.7595,23.55,0.032,417.4325,93.74,417.175,0.242,11.6835,0.4935,11.75,0.0475
Crematogaster_irritabilis,Myrmicinae,5000.00,1,"Holldobler & Wilson, 1990",0,24.81875,0.6165,24.95,0.0245,256.38825,79.8425,249.05,0.3675,11.95025,0.47325,11.85,0.04675
Crematogaster_mimosae,Myrmicinae,6900.00,1,"Prior & Palmer, 2018",0,22.86609091,2.586181818,23.16818182,0.109,44.49409091,45.25236364,27.96818182,1.292727273,12.40018182,1.585181818,12.15454545,0.128272727
Crematogaster_pygmaea,Myrmicinae,190.00,8,"Hamidi et al., 2017",1,26.568,0.823,26.6,0.031,88.284,107.65,37.4,1.219,7.107,0.719,7.2,0.101
Crematogaster_sumichrasti,Myrmicinae,1000.00,1,"Beckers et al., 1989",0,23.46508621,1.485241379,23.73017241,0.064793103,168.3743966,129.7882931,137.7793103,0.818362069,10.40994828,1.310724138,10.2112069,0.121413793
Cryptopone_motschulskyi,Ponerinae,20.00,1,"Holldobler & Wilson, 1990",0,24.052375,0.8615,24.175,0.036125,239.300125,105.280625,229.08125,0.44825,9.25125,0.765125,9.35,0.085
Cyphomyrmex_cornutus,Myrmicinae,2021.75,4,"Adams & Longino, 2007",0,22.4613,0.766933333,22.475,0.0342,228.3349,136.1973667,211.3716667,0.636066667,9.226866667,0.9429,9.065,0.103266667
Cyphomyrmex_costatus,Myrmicinae,99.17,55,"Hammond & Keller, 2004; Ferguson-Gow, 2014; Murakami et al., 2000",0,24.13836364,1.124272727,24.31090909,0.046836364,191.7843455,120.8541091,176.4345455,0.650381818,9.596981818,1.066218182,9.449090909,0.111018182
Cyphomyrmex_longiscapus,Myrmicinae,55.34,204,"Hammond & Keller, 2004; Ferguson-Gow, 2014",0,22.55361538,0.661076923,22.49230769,0.029538462,235.2866923,126.0443846,244.3153846,0.540307692,8.197461538,0.847615385,8.103846154,0.102384615
Dacetinops_cibdelus,Myrmicinae,10.00,1,"Holldobler & Wilson, 1990",0,23.7022,0.9002,23.84,0.0386,235.2186,93.5506,234.43,0.3964,10.1248,0.7362,10.22,0.0728
Daceton_armigerum,Myrmicinae,2650.00,2,"Holldobler & Wilson, 1990",1,26.09361728,0.844098765,26.12716049,0.032469136,199.3112716,117.5848765,182.9351852,0.615839506,9.888185185,1.257382716,9.709876543,0.125555556
Discothyrea_kamiteta,Proceratiinae,73.00,1,"Katayama, 2013",0,23.685,4.0365,24.65,0.1715,147.8375,132.614,98.075,0.8965,7.754,1.226,7.75,0.158
Dolichoderus_imitator,Dolichoderinae,25.00,7,"Kaspari & Vargo, 1995",0,25.14070192,0.966336538,25.21298077,0.042596154,186.6652788,112.0015673,172.9331731,0.638105769,9.633721154,1.292990385,9.502403846,0.132096154
Dorylus_laevigatus,Dorylinae,325000.00,1,"Berghoff et al., 2002",1,25.13548649,1.246,25.37027027,0.051324324,205.2223514,114.7802973,189.2864865,0.600837838,9.85727027,1.351216216,9.712162162,0.13327027
Dorylus_nigricans,Dorylinae,8018400.00,2,"Beckers et al., 1989; Barth et al., 2014",1,24.23708333,1.353583333,24.37083333,0.056875,124.8029583,95.66733333,107.5951389,0.795930556,9.986375,1.483597222,9.929166667,0.146819444
Dorylus_wilverthi,Dorylinae,14750000.00,2,"Kaspari & Vargo, 1995; Beckers et al., 1989",1,23.74362963,0.859592593,23.72962963,0.036444444,125.0987407,62.32018519,128.5166667,0.502740741,10.87659259,1.01962963,10.72962963,0.093
Dorymyrmex_biconis,Dolichoderinae,5000.00,1,"Beckers et al., 1989",0,23.01597059,0.881235294,23.07647059,0.038882353,116.1824412,78.38488235,103.95,0.730411765,9.347029412,1.111705882,9.288235294,0.118794118
Eciton_hamatum,Dorylinae,250000.00,2,"Shik, 2008; Holldobler & Wilson, 1990",1,24.1994,1.028888235,24.30176471,0.044194118,192.6325235,122.8382941,174.4620588,0.687258824,9.760382353,1.075611765,9.634117647,0.109011765
Eciton_rapax,Dorylinae,275000.00,1,"Beckers et al., 1989",1,23.19065957,0.973914894,23.30638298,0.054361702,185.9945106,109.615383,169.8319149,0.654404255,11.08895745,1.461191489,10.95851064,0.129638298
Ectomomyrmex_striatulus,Ponerinae,15.00,2,"Holldobler & Wilson, 1990",0,22.76028571,0.895428571,22.92857143,0.039428571,217.2148571,87.20928571,212.9142857,0.416285714,9.837571429,0.812714286,9.971428571,0.083142857
Euprenolepis_procera,Formicinae,5000.00,8,"Volker & Ulrich, 2008",1,25.48761111,0.602166667,25.47222222,0.023555556,232.0487222,100.824,225.4666667,0.435611111,8.938833333,0.732444444,8.955555556,0.082333333
Eurhopalothrix_biroi,Myrmicinae,50.00,1,"Wilson, 1959",0,23.25128571,0.836285714,23.35714286,0.036714286,244.9638571,88.05028571,241.5,0.367285714,11.07871429,0.688142857,11.14285714,0.065714286
Kartidris_nyos,Myrmicinae,1000.00,1,GAGA consortium,0,20.748,3.304,21.8,0.159,124.019,111.237,85.8,0.897,11.671,3.662,10.9,0.314
Leptogenys_bituberculata,Ponerinae,300.00,1,"Holldobler & Wilson, 1990",0,22.8746,0.827,22.96,0.0376,231.58,93.647,227.07,0.4016,10.2106,0.7774,10.28,0.0762
Leptogenys_processionalis,Ponerinae,41000.00,1,"Kaspari & Vargo, 1995",0,26.061,1.79545,26.23,0.0693,162.4054,128.1673,120.4775,0.8674,9.25185,1.86165,9.4425,0.1882
Leptogenys_purpurea,Ponerinae,1250.00,2,"Holldobler & Wilson, 1990",0,23.55933333,0.690111111,23.63333333,0.029555556,299.0097778,80.63544444,294.4722222,0.292444444,10.80655556,0.638777778,10.87777778,0.064555556
Leptomyrmex_fragilis,Dolichoderinae,350.00,1,"Holldobler & Wilson, 1990",0,24.26457143,0.677877551,24.39183673,0.028469388,243.1183469,85.38912245,238.7214286,0.371755102,10.68128571,0.586612245,10.72040816,0.058897959
Megalomyrmex_milenae,Myrmicinae,218.50,1,"Antwiki, 2024",0,26.244,0.8,26.1,0.03,229.751,131.718,282.65,0.573,6.431,0.632,6.4,0.098
Meranoplus_spinosus,Myrmicinae,150.00,1,"Holldobler & Wilson, 1990",0,25.162,0.947,25.3,0.038,272.256,106.596,266.6,0.394,8.605,0.704,8.75,0.0825
Mycetagroicus_inflatus,Myrmicinae,65.00,1,"Jesovnik et al., 2013",0,26.309,0.847,26.2,0.032,145.789,120.386,147.1,0.826,12.472,2.366,11.7,0.19
Mycetarotes_acutus,Myrmicinae,25.00,1,"Solomon et al., 2004",0,25.790125,0.930125,25.825,0.037375,194.749875,108.280375,174.5625,0.599625,9.838,1.115375,9.7125,0.112875
Myopias_concava,Ponerinae,60.00,1,"Wilson, 1959",0,21.98575,0.97425,22.075,0.04475,239.996,81.739,232.6875,0.35375,10.84175,0.8565,10.95,0.079
Myopias_julivora,Ponerinae,55.00,2,"Wilson, 1959",0,22.91888889,0.839222222,23.04444444,0.037333333,216.82,96.91,211.8111111,0.450777778,10.97155556,0.750555556,11.04444444,0.072444444
Myrmecina_transversa,Myrmicinae,100.00,1,"Holldobler & Wilson, 1990",0,25.134,0.684,25.2,0.027666667,231.496,65.31433333,232.1666667,0.289666667,9.366666667,0.626333333,9.366666667,0.067333333
Myrmelachista_flavocotea,Formicinae,7554.00,1,"Kuhn, 2014",1,24.35525,0.807125,24.275,0.033375,245.257875,157.90275,235.70625,0.665875,7.595875,0.574375,7.4,0.0745
Myrmicocrypta_buenzlii,Myrmicinae,1558.00,1,"Tschinkel, 2011",0,25.36166667,0.894444444,25.35555556,0.035777778,175.259,111.3313333,163.6833333,0.646333333,8.453333333,0.958222222,8.394444444,0.114666667
Myrmicocrypta_ednaella,Myrmicinae,86.78,35,"Ferguson-Gow, 2014",0,24.841,0.948125,24.875,0.03775,209.9775,114.572,211.925,0.56875,8.61025,0.980375,8.525,0.113875
Myrmoteras_barbouri,Formicinae,9.50,2,"Holldobler & Wilson, 1990; Kaspari & Vargo, 1995",0,25.92042857,0.599714286,25.91428571,0.023142857,221.8624286,99.42557143,216.3142857,0.450857143,8.916285714,0.778428571,8.942857143,0.086714286
Myrmoteras_binghamii,Formicinae,15.00,1,GAGA consortium,0,22.455625,2.842125,23.375,0.131625,122.75725,107.00325,99.43125,0.87625,11.192875,3.2035,10.54375,0.27725
Mystrium_oberthueri,Amblyoponinae,33.56,16,"Molet et al., 2009; Bouchet et al., 2013",0,23.2,1.814352941,23.63529412,0.078882353,183.6058235,125.8898824,144.1852941,0.727235294,8.568705882,0.551294118,8.541176471,0.062882353
Neoponera_goeldii,Ponerinae,158.84,68,"Denis et al., 2007; Denis et al., 2008",0,25.18615,0.8127,25.15,0.0345,191.3831,101.53085,181.05,0.58575,9.1536,1.0151,9.025,0.11325
Nylanderia_steinheili,Formicinae,143.00,1,"Kaspari & Vargo, 1995",0,23.47538333,1.37415,23.695,0.059666667,181.63425,123.89575,164.165,0.708016667,9.8412,1.097116667,9.7225,0.107583333
Odontoponera_transversa,Ponerinae,47.00,1,"Wang et al., 2020",0,26.16244068,0.73540678,26.17288136,0.028016949,222.7204576,114.5096441,210.3288136,0.529898305,9.324813559,0.901491525,9.297457627,0.098372881
Onychomyrmex_hedleyi,Amblyoponinae,846.41,61,"Miyata et al., 2003; Villet, 1990",0,22.76,2.948909091,23.41818182,0.130636364,112.5771818,131.662,57.51818182,1.191363636,10.53627273,1.529727273,10.5,0.145636364
Paraparatrechina_pallida,Formicinae,500.00,1,"Wilson, 1959",0,24.77883333,0.668,24.88333333,0.027,240.5645,80.69366667,240.6333333,0.328833333,9.896666667,0.6295,9.95,0.064666667
Pheidole_cramptoni,Myrmicinae,172.00,1,"Kaspari & Vargo, 1995",1,24.98021739,1.025869565,25.11304348,0.041434783,222.190087,129.280913,206.6195652,0.595347826,9.238347826,0.931565217,9.067391304,0.100347826
Pheidole_embolopyx,Myrmicinae,300.00,1,"Beckers et al., 1989",1,25.387,0.852285714,25.39285714,0.039357143,196.2982143,113.8280714,177.8678571,0.627285714,9.637785714,1.190357143,9.564285714,0.123
Pheidole_moerens,Myrmicinae,600.00,1,"King & Porter, 2007",1,24.03361905,1.389142857,24.18095238,0.058095238,135.768381,78.57214286,124.2571429,0.587619048,10.3057619,0.74952381,10.27142857,0.074666667
Pheidole_zeteki,Myrmicinae,81.00,2,"Kaspari & Vargo, 1995",1,25.80983333,0.904333333,25.83333333,0.035166667,210.7715,123.7226667,218.4083333,0.586666667,8.670333333,1.154333333,8.366666667,0.133666667
Platythyrea_conradti,Ponerinae,400.00,1,"Holldobler & Wilson, 1990",0,25.55172727,1.165545455,25.62727273,0.045909091,135.5694091,94.24518182,131.9272727,0.708681818,9.131772727,1.3895,9.061363636,0.147181818
Pogonomyrmex_mayri,Myrmicinae,603.00,8,"Holldobler & Wilson, 1990",0,26.814,0.77225,26.80833333,0.028833333,120.1311667,91.59741667,112.8958333,0.796833333,10.07008333,1.22425,9.966666667,0.121333333
Polyrhachis_debilis,Formicinae,325.00,3,"Holldobler & Wilson, 1990",0,24.35955556,1.779777778,24.73333333,0.075333333,195.7597778,149.0423333,151.6722222,0.810222222,9.124,1.057888889,9.177777778,0.117111111
Polyrhachis_limbata,Formicinae,100.00,1,"Wilson, 1959",0,25.08977778,0.648,25.2,0.026666667,246.946,96.38922222,235.8722222,0.388555556,8.533111111,0.766333333,8.7,0.093777778
Polyrhachis_spinifera,Formicinae,150.00,1,"Wilson, 1959",0,25.996,0.6956,26.12,0.027,187.9568,78.174,178.09,0.4344,8.804,0.5666,8.86,0.0658
Prionopelta_amabilis,Amblyoponinae,377.00,5,"Holldobler & Wilson, 1990; Kaspari & Vargo, 1995",0,22.78013462,0.992423077,22.89038462,0.04375,208.6752115,130.6520962,190.9432692,0.635230769,9.636423077,1.000788462,9.477884615,0.102653846
Prionopelta_kraepelini,Amblyoponinae,90.00,1,"Ito & Billen, 1998",0,24.86213636,0.902409091,24.91818182,0.039136364,219.3337727,107.1577727,203.4886364,0.489681818,8.621272727,0.822227273,8.645454545,0.100272727
Proatta_butteli,Myrmicinae,7750.00,2,"Holldobler & Wilson, 1990; Beckers et al., 1989",0,26.20876471,0.963735294,26.31176471,0.036323529,197.6587353,101.8435,186.7955882,0.555294118,9.163941176,1.163911765,9.076470588,0.124941176
Probolomyrmex_boliviensis,Proceratiinae,29.00,1,"Taylor, 1965",0,23.32651351,0.854189189,23.36891892,0.039945946,187.6932162,110.1772432,184.5810811,0.609702703,9.680540541,1.15872973,9.552702703,0.115864865
Probolomyrmex_dammermani,Proceratiinae,13.80,5,"Ito, 1998",0,25.07358333,1.219333333,25.29166667,0.05025,205.6636667,133.0441667,186.1458333,0.669916667,9.522416667,1.281416667,9.383333333,0.130583333
Pseudomyrmex_concolor,Pseudomyrmecinae,316.00,16,"Fonseca, 1993",0,26.58509677,0.725645161,26.55483871,0.027290323,206.6859677,111.4230968,189.0419355,0.557645161,9.056225806,0.984419355,8.972580645,0.109258065
Pseudomyrmex_nigropilosus,Pseudomyrmecinae,228.00,1,"Debout et al., 2005",0,24.92947368,1.345473684,25.07631579,0.055263158,127.4158421,124.8854211,83.65789474,1.000842105,11.34857895,1.505421053,11.17368421,0.128368421
Pseudomyrmex_spinicola,Pseudomyrmecinae,10021.00,1,"Kaspari & Vargo, 1995",0,24.96573333,0.846844444,24.92,0.034422222,167.5126,122.9684444,165.3977778,0.761822222,8.369,0.7786,8.138888889,0.091044444
Rhytidoponera_araneoides,Ectatomminae,50.00,3,"Wilson, 1959",0,25.31630303,0.701121212,25.44242424,0.028030303,234.4022121,103.0945758,215.7575758,0.470606061,8.125636364,0.705181818,8.212121212,0.089030303
Rhytidoponera_laciniosa,Ectatomminae,133.33,3,"Wilson, 1959; Kaspari & Vargo, 1995",0,25.3984,0.7693,25.5,0.0308,233.8266,90.5315,229.445,0.3839,9.1681,0.6597,9.25,0.0733
Sericomyrmex_amabilis,Myrmicinae,432.80,34,"Ferguson-Gow, 2014; Holldobler & Wilson, 1990; Shik et al., 2018",1,23.77609434,0.994018868,23.84811321,0.042226415,200.8907925,128.734,189.2235849,0.665396226,9.209528302,0.984150943,9.046226415,0.104207547
Simopelta_pentadentata,Ponerinae,1000.00,1,"Kronauer et al., 2011",0,22.892,0.760333333,22.83333333,0.033333333,260.4233333,173.4706667,260.5833333,0.667333333,7.658333333,0.604666667,7.433333333,0.078666667
Simopelta_pergandei,Ponerinae,1000.00,1,"Kronauer et al., 2011",0,21.74963889,0.884833333,21.83472222,0.041805556,190.1798056,112.6411944,180.3930556,0.618611111,9.662083333,1.114555556,9.490277778,0.113194444
Stigmatomma_pluto,Amblyoponinae,29.75,4,"Shik, 2008; Kaspari & Vargo, 1995",0,26.60575,1.08225,26.55,0.04075,114.34275,75.953,105.8625,0.65875,8.944,1.624,8.9,0.182
Strumigenys_frivaldszkyi,Myrmicinae,15.00,1,"Holldobler & Wilson, 1990",0,25.18685714,0.734142857,25.3,0.029571429,232.5192857,94.19542857,232.75,0.406857143,9.048285714,0.639142857,9.114285714,0.072
Strumigenys_loriae,Myrmicinae,400.00,2,"Holldobler & Wilson, 1990",1,23.2679375,0.80275,23.3875,0.0351875,251.3545,108.669625,241.16875,0.4240625,9.8671875,0.798375,9.98125,0.083
Strumigenys_mayri,Myrmicinae,100.00,1,"Holldobler & Wilson, 1990",0,23.79877778,0.713777778,23.91666667,0.030555556,253.9996111,94.27822222,250.4027778,0.385833333,10.57277778,0.658388889,10.66111111,0.066888889
Strumigenys_serrula,Myrmicinae,78.00,78,"Beckers et al., 1989",0,24.41307895,1.085842105,24.45789474,0.0445,118.9513421,81.30839474,116.9460526,0.691078947,10.63336842,1.568605263,10.37105263,0.145710526
Strumigenys_truncatidens,Myrmicinae,133.00,1,"Beckers et al., 1989",0,19.61591667,1.224916667,19.74166667,0.064166667,92.96533333,73.5765,76.0375,0.810416667,11.69991667,1.48,11.59166667,0.126166667
Tatuidris_tatusia,Agroecomyrmecinae,7.00,1,"Donoso, 2012",0,22.17228125,1.10246875,22.321875,0.051609375,174.5972656,122.9200156,154.1617188,0.72175,10.56426563,1.2170625,10.30234375,0.114625
Terataner_alluaudi,Myrmicinae,27.00,7,"Kaspari & Vargo, 1995",0,23.07619048,1.701571429,23.53809524,0.076761905,158.33,124.4351905,109.7714286,0.823714286,8.930238095,0.67952381,8.888095238,0.074142857
Terataner_foreli,Myrmicinae,12.00,9,"Kaspari & Vargo, 1995",0,22.8544,1.8468,23.28,0.0818,188.1148,120.6222,155.12,0.6462,8.4968,0.4322,8.4,0.05
Tetramorium_melleum,Myrmicinae,5000.00,2,"Holldobler & Wilson, 1990",0,23.14521739,0.979,23.32608696,0.042652174,234.0887391,102.907087,220.1934783,0.505217391,10.715,0.793391304,10.7826087,0.081086957